,command,type,SequenceNumber,preamble,TimeofDay,AmbientTemperature,RelativeHumidity,BarometricPressure,WindSpeed,WindDirection,NumberofLoopsTemps,TimelineName1,Temperature1,TimelineName2,Temperature2,TimelineName3,Temperature3,TimelineName4,Temperature4,HeatIndex,DewPoint
0,$WÂ,NÂ,31Â,R.IÂ,1AD3ED56Â,4EÂ,3FÂ,B65Â,4Â,10Â,4Â,T1TÂ,F8CÂ,T2TÂ,EA6Â,T3Â,FDCÂ,T4TÂ,10E0Â,4EÂ,40
1,$WÂ,NÂ,32Â,R.IÂ,1ADD15D4Â,4EÂ,3FÂ,B65Â,3Â,50Â,4Â,T1TÂ,F82Â,T2TÂ,E92Â,T3Â,FDCÂ,T4TÂ,10E0Â,4EÂ,40
2,$WÂ,NÂ,33Â,R.IÂ,1AE63D44Â,4EÂ,3FÂ,B65Â,2Â,30Â,4Â,T1TÂ,F82Â,T2TÂ,E88Â,T3Â,FDCÂ,T4TÂ,10E0Â,4EÂ,40
3,$WÂ,NÂ,34Â,R.IÂ,1AEF64FAÂ,4EÂ,3FÂ,B65Â,3Â,0Â,4Â,T1TÂ,F82Â,T2TÂ,E7EÂ,T3Â,FDCÂ,T4TÂ,10CCÂ,4EÂ,40
4,$WÂ,NÂ,35Â,R.IÂ,1AF88D0AÂ,4EÂ,3FÂ,B65Â,5Â,10Â,4Â,T1TÂ,F82Â,T2TÂ,E74Â,T3Â,FC8Â,T4TÂ,10CCÂ,4EÂ,40
5,$WÂ,NÂ,36Â,R.IÂ,1B01B3D0Â,4EÂ,3FÂ,B65Â,4Â,10Â,4Â,T1TÂ,F82Â,T2TÂ,E74Â,T3Â,FC8Â,T4TÂ,10CCÂ,4EÂ,40
6,$WÂ,NÂ,1Â,R.IÂ,1B10BC54Â,4EÂ,3FÂ,B65Â,4Â,10Â,4Â,T1TÂ,F82Â,T2TÂ,E6AÂ,T3Â,FBEÂ,T4TÂ,10C2Â,4EÂ,40
7,$WÂ,NÂ,2Â,R.IÂ,1B19E3ECÂ,4EÂ,3FÂ,B65Â,4Â,0Â,4Â,T1TÂ,F82Â,T2TÂ,E74Â,T3Â,FBEÂ,T4TÂ,10C2Â,4EÂ,40
8,$WÂ,NÂ,3Â,R.IÂ,1B230C24Â,4EÂ,3FÂ,B65Â,3Â,0Â,4Â,T1TÂ,F82Â,T2TÂ,E6AÂ,T3Â,FBEÂ,T4TÂ,10C2Â,4EÂ,40
9,$WÂ,NÂ,4Â,R.IÂ,1B2C3402Â,4EÂ,3FÂ,B65Â,5Â,0Â,4Â,T1TÂ,F82Â,T2TÂ,E6AÂ,T3Â,FBEÂ,T4TÂ,10C2Â,4EÂ,40
10,$WÂ,NÂ,5Â,R.IÂ,1B355BAEÂ,4EÂ,3FÂ,B65Â,4Â,0Â,4Â,T1TÂ,F8CÂ,T2TÂ,E74Â,T3Â,FC8Â,T4TÂ,10C2Â,4EÂ,40
11,$WÂ,NÂ,1Â,R.IÂ,1B4536B4Â,4EÂ,3FÂ,B65Â,6Â,0Â,4Â,T1TÂ,FA0Â,T2TÂ,E88Â,T3Â,FD2Â,T4TÂ,10D6Â,4EÂ,40
12,$WÂ,NÂ,2Â,R.IÂ,1B4E5E92Â,4EÂ,3FÂ,B65Â,5Â,0Â,4Â,T1TÂ,FA0Â,T2TÂ,E9CÂ,T3Â,FD2Â,T4TÂ,10D6Â,4EÂ,40
13,$WÂ,NÂ,3Â,R.IÂ,1B5785DAÂ,4DÂ,3FÂ,B65Â,6Â,0Â,4Â,T1TÂ,FA0Â,T2TÂ,E9CÂ,T3Â,FBEÂ,T4TÂ,10CCÂ,4DÂ,40
14,$WÂ,NÂ,4Â,R.IÂ,1B60AD22Â,4DÂ,3FÂ,B65Â,5Â,0Â,4Â,T1TÂ,F96Â,T2TÂ,E92Â,T3Â,FBEÂ,T4TÂ,10CCÂ,4DÂ,40
15,$WÂ,NÂ,5Â,R.IÂ,1B69D546Â,4DÂ,3FÂ,B65Â,4Â,0Â,4Â,T1TÂ,F8CÂ,T2TÂ,E92Â,T3Â,FB4Â,T4TÂ,10C2Â,4DÂ,40
16,$WÂ,NÂ,6Â,R.IÂ,1B7303BEÂ,4DÂ,3FÂ,B65Â,4Â,0Â,4Â,T1TÂ,F82Â,T2TÂ,E7EÂ,T3Â,FB4Â,T4TÂ,10C2Â,4DÂ,40
17,$WÂ,NÂ,7Â,R.IÂ,1B7C23B8Â,4DÂ,3FÂ,B65Â,5Â,0Â,4Â,T1TÂ,F78Â,T2TÂ,E74Â,T3Â,FB4Â,T4TÂ,10AEÂ,4DÂ,40
18,$WÂ,NÂ,8Â,R.IÂ,1B854AA6Â,4DÂ,3FÂ,B65Â,3Â,0Â,4Â,T1TÂ,F6EÂ,T2TÂ,E6AÂ,T3Â,FA0Â,T4TÂ,10A4Â,4DÂ,40
19,$WÂ,NÂ,9Â,R.IÂ,1B8E71C6Â,4DÂ,3FÂ,B65Â,2Â,0Â,4Â,T1TÂ,F5AÂ,T2TÂ,E60Â,T3Â,F82Â,T4TÂ,1090Â,4DÂ,40
20,$WÂ,NÂ,AÂ,R.IÂ,1B979A6CÂ,4DÂ,40Â,B65Â,1Â,0Â,4Â,T1TÂ,F50Â,T2TÂ,E56Â,T3Â,F82Â,T4TÂ,1086Â,4DÂ,40
21,$WÂ,NÂ,BÂ,R.IÂ,1BA0C164Â,4DÂ,40Â,B65Â,2Â,0Â,4Â,T1TÂ,F46Â,T2TÂ,E4CÂ,T3Â,F6EÂ,T4TÂ,1054Â,4DÂ,40
22,$WÂ,NÂ,CÂ,R.IÂ,1BA9F9DCÂ,4DÂ,3FÂ,B65Â,3Â,0Â,4Â,T1TÂ,F46Â,T2TÂ,E42Â,T3Â,F64Â,T4TÂ,1054Â,4DÂ,40
23,$WÂ,NÂ,DÂ,R.IÂ,1BB31D50Â,4DÂ,3FÂ,B65Â,2Â,10Â,4Â,T1TÂ,F32Â,T2TÂ,E38Â,T3Â,F64Â,T4TÂ,105EÂ,4DÂ,40
24,$WÂ,NÂ,EÂ,R.IÂ,1BBC385EÂ,4DÂ,3FÂ,B65Â,3Â,10Â,4Â,T1TÂ,F32Â,T2TÂ,E42Â,T3Â,F5AÂ,T4TÂ,1054Â,4DÂ,40
25,$WÂ,NÂ,FÂ,R.IÂ,1BC56140Â,4DÂ,3FÂ,B65Â,2Â,30Â,4Â,T1TÂ,F32Â,T2TÂ,E42Â,T3Â,F64Â,T4TÂ,1054Â,4DÂ,40
26,$WÂ,NÂ,10Â,R.IÂ,1BCE891EÂ,4DÂ,3FÂ,B65Â,2Â,30Â,4Â,T1TÂ,F32Â,T2TÂ,E4CÂ,T3Â,F64Â,T4TÂ,105EÂ,4DÂ,40
27,$WÂ,NÂ,11Â,R.IÂ,1BD7CAF6Â,4EÂ,3FÂ,B65Â,2Â,10Â,4Â,T1TÂ,F3CÂ,T2TÂ,E56Â,T3Â,F6EÂ,T4TÂ,105EÂ,4EÂ,40
28,$WÂ,NÂ,12Â,R.IÂ,1BE0D9ACÂ,4EÂ,3FÂ,B65Â,3Â,0Â,4Â,T1TÂ,F3CÂ,T2TÂ,E56Â,T3Â,F6EÂ,T4TÂ,105EÂ,4EÂ,40
29,$WÂ,NÂ,13Â,R.IÂ,1BEA0B26Â,4EÂ,3FÂ,B65Â,4Â,10Â,4Â,T1TÂ,F3CÂ,T2TÂ,E56Â,T3Â,F78Â,T4TÂ,105EÂ,4EÂ,40
30,$WÂ,NÂ,14Â,R.IÂ,1BF33462Â,4EÂ,3FÂ,B65Â,2Â,10Â,4Â,T1TÂ,F3CÂ,T2TÂ,E56Â,T3Â,F78Â,T4TÂ,1054Â,4EÂ,40
31,$WÂ,NÂ,15Â,R.IÂ,1BFC515AÂ,4EÂ,3FÂ,B65Â,3Â,0Â,4Â,T1TÂ,F3CÂ,T2TÂ,E56Â,T3Â,F82Â,T4TÂ,1054Â,4EÂ,40
32,$WÂ,NÂ,16Â,R.IÂ,1C057910Â,4EÂ,3FÂ,B65Â,4Â,10Â,4Â,T1TÂ,F3CÂ,T2TÂ,E60Â,T3Â,F82Â,T4TÂ,1054Â,4EÂ,40
33,$WÂ,NÂ,17Â,R.IÂ,1C0EA06CÂ,4EÂ,3EÂ,B65Â,3Â,30Â,4Â,T1TÂ,F3CÂ,T2TÂ,E60Â,T3Â,F82Â,T4TÂ,104AÂ,4EÂ,40
34,$WÂ,NÂ,18Â,R.IÂ,1C17C80EÂ,4EÂ,3EÂ,B65Â,1Â,50Â,4Â,T1TÂ,F3CÂ,T2TÂ,E60Â,T3Â,F8CÂ,T4TÂ,104AÂ,4EÂ,40
35,$WÂ,NÂ,19Â,R.IÂ,1C20EFCEÂ,4EÂ,3EÂ,B65Â,1Â,40Â,4Â,T1TÂ,F3CÂ,T2TÂ,E60Â,T3Â,F8CÂ,T4TÂ,104AÂ,4EÂ,40
36,$WÂ,NÂ,1AÂ,R.IÂ,1C2A1EFAÂ,4EÂ,3EÂ,B65Â,4Â,0Â,4Â,T1TÂ,F46Â,T2TÂ,E74Â,T3Â,FA0Â,T4TÂ,104AÂ,4EÂ,40
37,$WÂ,NÂ,1BÂ,R.IÂ,1C3349DAÂ,4EÂ,3EÂ,B65Â,5Â,0Â,4Â,T1TÂ,F46Â,T2TÂ,E88Â,T3Â,FB4Â,T4TÂ,1054Â,4EÂ,40
38,$WÂ,NÂ,1CÂ,R.IÂ,1C3C65B0Â,4EÂ,3DÂ,B65Â,6Â,0Â,4Â,T1TÂ,F5AÂ,T2TÂ,E92Â,T3Â,FBEÂ,T4TÂ,104AÂ,4EÂ,40
39,$WÂ,NÂ,1DÂ,R.IÂ,1C458D20Â,4EÂ,3EÂ,B65Â,4Â,0Â,4Â,T1TÂ,F5AÂ,T2TÂ,E9CÂ,T3Â,FBEÂ,T4TÂ,104AÂ,4EÂ,40
40,$WÂ,NÂ,1EÂ,R.IÂ,1C4EB472Â,4EÂ,3EÂ,B65Â,5Â,0Â,4Â,T1TÂ,F5AÂ,T2TÂ,EA6Â,T3Â,FD2Â,T4TÂ,1040Â,4EÂ,40
41,$WÂ,NÂ,1FÂ,R.IÂ,1C57DC46Â,4EÂ,3EÂ,B65Â,4Â,0Â,4Â,T1TÂ,F50Â,T2TÂ,E9CÂ,T3Â,FD2Â,T4TÂ,1040Â,4EÂ,40
42,$WÂ,NÂ,20Â,R.IÂ,1C610E10Â,4EÂ,3EÂ,B65Â,5Â,0Â,4Â,T1TÂ,F50Â,T2TÂ,E9CÂ,T3Â,FD2Â,T4TÂ,1040Â,4EÂ,40
43,$WÂ,NÂ,21Â,R.IÂ,1C6A35A8Â,4DÂ,3FÂ,B65Â,6Â,0Â,4Â,T1TÂ,F50Â,T2TÂ,E92Â,T3Â,FDCÂ,T4TÂ,1036Â,4DÂ,40
44,$WÂ,NÂ,22Â,R.IÂ,1C73530EÂ,4DÂ,3FÂ,B65Â,4Â,0Â,4Â,T1TÂ,F50Â,T2TÂ,E92Â,T3Â,FDCÂ,T4TÂ,102CÂ,4DÂ,40
45,$WÂ,NÂ,23Â,R.IÂ,1C7C7B14Â,4DÂ,3FÂ,B65Â,1Â,10Â,4Â,T1TÂ,F50Â,T2TÂ,E9CÂ,T3Â,FDCÂ,T4TÂ,102CÂ,4DÂ,40
46,$WÂ,NÂ,24Â,R.IÂ,1C85C91CÂ,4EÂ,3FÂ,B65Â,1Â,0Â,4Â,T1TÂ,F5AÂ,T2TÂ,EA6Â,T3Â,FDCÂ,T4TÂ,1036Â,4EÂ,40
47,$WÂ,NÂ,25Â,R.IÂ,1C8EF082Â,4EÂ,3FÂ,B65Â,4Â,0Â,4Â,T1TÂ,F64Â,T2TÂ,EBAÂ,T3Â,FF0Â,T4TÂ,1036Â,4EÂ,40
48,$WÂ,NÂ,26Â,R.IÂ,1C98229CÂ,4EÂ,3FÂ,B65Â,5Â,0Â,4Â,T1TÂ,F78Â,T2TÂ,ECEÂ,T3Â,FFAÂ,T4TÂ,104AÂ,4EÂ,40
49,$WÂ,NÂ,27Â,R.IÂ,1CA14E44Â,4EÂ,3FÂ,B65Â,3Â,0Â,4Â,T1TÂ,F78Â,T2TÂ,ED8Â,T3Â,100EÂ,T4TÂ,104AÂ,4EÂ,40
50,$WÂ,NÂ,28Â,R.IÂ,1CAA686CÂ,4EÂ,3FÂ,B65Â,4Â,0Â,4Â,T1TÂ,F82Â,T2TÂ,EE2Â,T3Â,1022Â,T4TÂ,104AÂ,4EÂ,40
51,$WÂ,NÂ,29Â,R.IÂ,1CB3902CÂ,4EÂ,3FÂ,B65Â,5Â,0Â,4Â,T1TÂ,F8CÂ,T2TÂ,EECÂ,T3Â,102CÂ,T4TÂ,1040Â,4EÂ,41
52,$WÂ,NÂ,2AÂ,R.IÂ,1CBCB76AÂ,4EÂ,3EÂ,B65Â,5Â,0Â,4Â,T1TÂ,F96Â,T2TÂ,F00Â,T3Â,1036Â,T4TÂ,104AÂ,4EÂ,40
53,$WÂ,NÂ,2BÂ,R.IÂ,1CC5EB1EÂ,4EÂ,3EÂ,B65Â,3Â,10Â,4Â,T1TÂ,F96Â,T2TÂ,F1EÂ,T3Â,104AÂ,T4TÂ,1054Â,4EÂ,40
54,$WÂ,NÂ,2CÂ,R.IÂ,1CCF0F28Â,4EÂ,3EÂ,B65Â,3Â,10Â,4Â,T1TÂ,FB4Â,T2TÂ,F28Â,T3Â,1072Â,T4TÂ,105EÂ,4EÂ,40
55,$WÂ,NÂ,2DÂ,R.IÂ,1CD838D2Â,4EÂ,3FÂ,B65Â,4Â,0Â,4Â,T1TÂ,FC8Â,T2TÂ,F32Â,T3Â,107CÂ,T4TÂ,105EÂ,4EÂ,41
56,$WÂ,NÂ,2EÂ,R.IÂ,1CE1BE52Â,4EÂ,3EÂ,B65Â,7Â,0Â,4Â,T1TÂ,FD2Â,T2TÂ,F28Â,T3Â,107CÂ,T4TÂ,1054Â,4EÂ,40
57,$WÂ,NÂ,2FÂ,R.IÂ,1CEA7EC0Â,4EÂ,3EÂ,B65Â,5Â,10Â,4Â,T1TÂ,FC8Â,T2TÂ,F28Â,T3Â,1072Â,T4TÂ,1054Â,4EÂ,40
58,$WÂ,NÂ,30Â,R.IÂ,1CF3A6C6Â,4EÂ,3FÂ,B65Â,4Â,0Â,4Â,T1TÂ,FC8Â,T2TÂ,F0AÂ,T3Â,1072Â,T4TÂ,104AÂ,4EÂ,40
59,$WÂ,NÂ,31Â,R.IÂ,1CFD223CÂ,4EÂ,3FÂ,B65Â,2Â,10Â,4Â,T1TÂ,FBEÂ,T2TÂ,F00Â,T3Â,1068Â,T4TÂ,104AÂ,4EÂ,41
60,$WÂ,NÂ,32Â,R.IÂ,1D05F9C0Â,4EÂ,3FÂ,B65Â,4Â,0Â,4Â,T1TÂ,FAAÂ,T2TÂ,EECÂ,T3Â,105EÂ,T4TÂ,1040Â,4EÂ,41
61,$WÂ,NÂ,33Â,R.IÂ,1D105668Â,4EÂ,3EÂ,B65Â,3Â,F0Â,4Â,T1TÂ,FA0Â,T2TÂ,ED8Â,T3Â,1054Â,T4TÂ,102CÂ,4EÂ,41
62,$WÂ,NÂ,34Â,R.IÂ,1D1846ACÂ,4EÂ,3EÂ,B65Â,1Â,A0Â,4Â,T1TÂ,F96Â,T2TÂ,EC4Â,T3Â,104AÂ,T4TÂ,1018Â,4EÂ,40
63,$WÂ,NÂ,35Â,R.IÂ,1D216D86Â,4EÂ,3EÂ,B65Â,4Â,0Â,4Â,T1TÂ,F8CÂ,T2TÂ,EC4Â,T3Â,1036Â,T4TÂ,100EÂ,4EÂ,41
64,$WÂ,NÂ,36Â,R.IÂ,1D2A964AÂ,4FÂ,3EÂ,B64Â,5Â,0Â,4Â,T1TÂ,F82Â,T2TÂ,EB0Â,T3Â,102CÂ,T4TÂ,100EÂ,4FÂ,41
65,$WÂ,NÂ,37Â,R.IÂ,1D33BD92Â,4FÂ,3EÂ,B64Â,7Â,0Â,4Â,T1TÂ,F82Â,T2TÂ,EA6Â,T3Â,1022Â,T4TÂ,FF0Â,4FÂ,41
66,$WÂ,NÂ,38Â,R.IÂ,1D3CF36CÂ,4FÂ,3DÂ,B65Â,4Â,0Â,4Â,T1TÂ,F78Â,T2TÂ,E9CÂ,T3Â,1022Â,T4TÂ,FF0Â,4FÂ,40
67,$WÂ,NÂ,39Â,R.IÂ,1D460E7AÂ,4FÂ,3EÂ,B64Â,4Â,0Â,4Â,T1TÂ,F6EÂ,T2TÂ,E9CÂ,T3Â,1018Â,T4TÂ,FE6Â,4FÂ,40
68,$WÂ,NÂ,3AÂ,R.IÂ,1D4F4058Â,4EÂ,3EÂ,B64Â,4Â,0Â,4Â,T1TÂ,F6EÂ,T2TÂ,E9CÂ,T3Â,1018Â,T4TÂ,FE6Â,4EÂ,40
69,$WÂ,NÂ,3BÂ,R.IÂ,1D585D32Â,4EÂ,3EÂ,B64Â,3Â,0Â,4Â,T1TÂ,F6EÂ,T2TÂ,E9CÂ,T3Â,100EÂ,T4TÂ,FDCÂ,4EÂ,40
70,$WÂ,NÂ,3CÂ,R.IÂ,1D61859CÂ,4EÂ,3EÂ,B64Â,2Â,0Â,4Â,T1TÂ,F6EÂ,T2TÂ,E9CÂ,T3Â,1018Â,T4TÂ,FDCÂ,4EÂ,40
71,$WÂ,NÂ,3DÂ,R.IÂ,1D6AAD66Â,4EÂ,3EÂ,B64Â,2Â,0Â,4Â,T1TÂ,F6EÂ,T2TÂ,EA6Â,T3Â,1022Â,T4TÂ,FDCÂ,4EÂ,41
72,$WÂ,NÂ,3EÂ,R.IÂ,1D73D56CÂ,4EÂ,3EÂ,B64Â,5Â,0Â,4Â,T1TÂ,F6EÂ,T2TÂ,EB0Â,T3Â,1018Â,T4TÂ,FDCÂ,4EÂ,41
73,$WÂ,NÂ,3FÂ,R.IÂ,1D7D0BE6Â,4FÂ,3EÂ,B64Â,5Â,0Â,4Â,T1TÂ,F78Â,T2TÂ,EB0Â,T3Â,1018Â,T4TÂ,FD2Â,4FÂ,41
74,$WÂ,NÂ,40Â,R.IÂ,1D862C80Â,4FÂ,3DÂ,B64Â,6Â,0Â,4Â,T1TÂ,F78Â,T2TÂ,EB0Â,T3Â,1022Â,T4TÂ,FF0Â,4FÂ,41
75,$WÂ,NÂ,41Â,R.IÂ,1D8F4CD4Â,4FÂ,3DÂ,B64Â,6Â,0Â,4Â,T1TÂ,F78Â,T2TÂ,EC4Â,T3Â,1022Â,T4TÂ,FFAÂ,4FÂ,41
76,$WÂ,NÂ,42Â,R.IÂ,1D9874C6Â,4FÂ,3DÂ,B64Â,5Â,0Â,4Â,T1TÂ,F82Â,T2TÂ,ECEÂ,T3Â,102CÂ,T4TÂ,1004Â,4FÂ,40
77,$WÂ,NÂ,43Â,R.IÂ,1DA19C4AÂ,4FÂ,3DÂ,B64Â,4Â,0Â,4Â,T1TÂ,F82Â,T2TÂ,ECEÂ,T3Â,1036Â,T4TÂ,100EÂ,4FÂ,40
78,$WÂ,NÂ,44Â,R.IÂ,1DAAC66CÂ,4EÂ,3EÂ,B64Â,3Â,F0Â,4Â,T1TÂ,F82Â,T2TÂ,ED8Â,T3Â,1036Â,T4TÂ,102CÂ,4EÂ,40
79,$WÂ,NÂ,45Â,R.IÂ,1DB3F6B0Â,4EÂ,3EÂ,B64Â,3Â,E0Â,4Â,T1TÂ,F8CÂ,T2TÂ,ED8Â,T3Â,1040Â,T4TÂ,102CÂ,4EÂ,40
80,$WÂ,NÂ,46Â,R.IÂ,1DBD3F5EÂ,4EÂ,3EÂ,B64Â,3Â,0Â,4Â,T1TÂ,F82Â,T2TÂ,EE2Â,T3Â,1036Â,T4TÂ,1036Â,4EÂ,40
81,$WÂ,NÂ,47Â,R.IÂ,1DC64D88Â,4EÂ,3EÂ,B63Â,4Â,0Â,4Â,T1TÂ,F8CÂ,T2TÂ,EECÂ,T3Â,1040Â,T4TÂ,1036Â,4EÂ,40
82,$WÂ,NÂ,48Â,R.IÂ,1DCF63E6Â,4EÂ,3EÂ,B63Â,5Â,0Â,4Â,T1TÂ,F8CÂ,T2TÂ,EF6Â,T3Â,104AÂ,T4TÂ,104AÂ,4EÂ,40
83,$WÂ,NÂ,49Â,R.IÂ,1DD88C0AÂ,4EÂ,3EÂ,B63Â,3Â,0Â,4Â,T1TÂ,F96Â,T2TÂ,F00Â,T3Â,1054Â,T4TÂ,105EÂ,4EÂ,40
84,$WÂ,NÂ,4AÂ,R.IÂ,1DE1B334Â,4EÂ,3EÂ,B63Â,4Â,0Â,4Â,T1TÂ,F96Â,T2TÂ,F0AÂ,T3Â,104AÂ,T4TÂ,105EÂ,4EÂ,40
85,$WÂ,NÂ,4BÂ,R.IÂ,1DEADB80Â,4EÂ,3EÂ,B63Â,2Â,F0Â,4Â,T1TÂ,F96Â,T2TÂ,F0AÂ,T3Â,104AÂ,T4TÂ,1054Â,4EÂ,40
86,$WÂ,NÂ,4CÂ,R.IÂ,1DF4352CÂ,4EÂ,3EÂ,B63Â,4Â,0Â,4Â,T1TÂ,F96Â,T2TÂ,F0AÂ,T3Â,104AÂ,T4TÂ,1054Â,4EÂ,41
87,$WÂ,NÂ,4DÂ,R.IÂ,1DFD33A2Â,4FÂ,3EÂ,B63Â,5Â,0Â,4Â,T1TÂ,F96Â,T2TÂ,F0AÂ,T3Â,1054Â,T4TÂ,1054Â,4FÂ,41
88,$WÂ,NÂ,4EÂ,R.IÂ,1E067156Â,4FÂ,3DÂ,B63Â,6Â,0Â,4Â,T1TÂ,F96Â,T2TÂ,F14Â,T3Â,1054Â,T4TÂ,1054Â,4FÂ,40
89,$WÂ,NÂ,4FÂ,R.IÂ,1E0F7828Â,4FÂ,3DÂ,B63Â,5Â,0Â,4Â,T1TÂ,FA0Â,T2TÂ,F14Â,T3Â,1054Â,T4TÂ,104AÂ,4FÂ,40
90,$WÂ,NÂ,50Â,R.IÂ,1E18A0E2Â,4FÂ,3CÂ,B63Â,4Â,0Â,4Â,T1TÂ,FA0Â,T2TÂ,F1EÂ,T3Â,1068Â,T4TÂ,104AÂ,4FÂ,40
91,$WÂ,NÂ,51Â,R.IÂ,1E21C85CÂ,4FÂ,3DÂ,B63Â,6Â,0Â,4Â,T1TÂ,FA0Â,T2TÂ,F1EÂ,T3Â,105EÂ,T4TÂ,104AÂ,4FÂ,40
92,$WÂ,NÂ,52Â,R.IÂ,1E2AEFC2Â,4FÂ,3CÂ,B63Â,7Â,0Â,4Â,T1TÂ,FAAÂ,T2TÂ,F28Â,T3Â,1068Â,T4TÂ,1040Â,4FÂ,40
93,$WÂ,NÂ,53Â,R.IÂ,1E3417FAÂ,4FÂ,3CÂ,B63Â,8Â,F0Â,4Â,T1TÂ,FAAÂ,T2TÂ,F28Â,T3Â,1072Â,T4TÂ,1040Â,4FÂ,40
94,$WÂ,NÂ,54Â,R.IÂ,1E3D8DB2Â,4FÂ,3CÂ,B63Â,7Â,0Â,4Â,T1TÂ,FA0Â,T2TÂ,F1EÂ,T3Â,1072Â,T4TÂ,1040Â,4FÂ,40
95,$WÂ,NÂ,55Â,R.IÂ,1E46678EÂ,4FÂ,3CÂ,B63Â,8Â,0Â,4Â,T1TÂ,FA0Â,T2TÂ,F14Â,T3Â,1072Â,T4TÂ,1036Â,4FÂ,40
96,$WÂ,NÂ,56Â,R.IÂ,1E4F8F3AÂ,4FÂ,3CÂ,B63Â,9Â,0Â,4Â,T1TÂ,F8CÂ,T2TÂ,F0AÂ,T3Â,1072Â,T4TÂ,1022Â,4FÂ,40
97,$WÂ,NÂ,57Â,R.IÂ,1E58B722Â,4FÂ,3CÂ,B63Â,6Â,0Â,4Â,T1TÂ,F82Â,T2TÂ,EF6Â,T3Â,1068Â,T4TÂ,1022Â,4FÂ,40
98,$WÂ,NÂ,58Â,R.IÂ,1E61DF6EÂ,4FÂ,3CÂ,B63Â,6Â,0Â,4Â,T1TÂ,F82Â,T2TÂ,EECÂ,T3Â,1068Â,T4TÂ,1018Â,4FÂ,40
99,$WÂ,NÂ,59Â,R.IÂ,1E6B0616Â,4EÂ,3DÂ,B63Â,6Â,0Â,4Â,T1TÂ,F82Â,T2TÂ,EE2Â,T3Â,1068Â,T4TÂ,1004Â,4EÂ,40
100,$WÂ,NÂ,5AÂ,R.IÂ,1E74564EÂ,4EÂ,3DÂ,B63Â,4Â,0Â,4Â,T1TÂ,F64Â,T2TÂ,ED8Â,T3Â,105EÂ,T4TÂ,FFAÂ,4EÂ,40
101,$WÂ,NÂ,5BÂ,R.IÂ,1E7D686AÂ,4EÂ,3DÂ,B63Â,5Â,0Â,4Â,T1TÂ,F64Â,T2TÂ,ECEÂ,T3Â,1054Â,T4TÂ,FF0Â,4EÂ,40
102,$WÂ,NÂ,5CÂ,R.IÂ,1E867D92Â,4EÂ,3DÂ,B63Â,6Â,0Â,4Â,T1TÂ,F5AÂ,T2TÂ,EC4Â,T3Â,1054Â,T4TÂ,FE6Â,4EÂ,40
103,$WÂ,NÂ,5DÂ,R.IÂ,1E8FC7D0Â,4EÂ,3EÂ,B63Â,3Â,0Â,4Â,T1TÂ,F50Â,T2TÂ,EC4Â,T3Â,1036Â,T4TÂ,FDCÂ,4EÂ,40
104,$WÂ,NÂ,5EÂ,R.IÂ,1E98D384Â,4EÂ,3DÂ,B63Â,4Â,F0Â,4Â,T1TÂ,F46Â,T2TÂ,EBAÂ,T3Â,102CÂ,T4TÂ,FD2Â,4EÂ,40
105,$WÂ,NÂ,5FÂ,R.IÂ,1EA1FF36Â,4EÂ,3EÂ,B63Â,5Â,0Â,4Â,T1TÂ,F3CÂ,T2TÂ,EB0Â,T3Â,1022Â,T4TÂ,FC8Â,4EÂ,40
106,$WÂ,NÂ,60Â,R.IÂ,1EAB2E30Â,4EÂ,3DÂ,B63Â,5Â,F0Â,4Â,T1TÂ,F3CÂ,T2TÂ,EA6Â,T3Â,1022Â,T4TÂ,FBEÂ,4EÂ,40
107,$WÂ,NÂ,61Â,R.IÂ,1EB498BCÂ,4EÂ,3DÂ,B63Â,4Â,10Â,4Â,T1TÂ,F32Â,T2TÂ,EA6Â,T3Â,1018Â,T4TÂ,FBEÂ,4EÂ,40
108,$WÂ,NÂ,62Â,R.IÂ,1EBD7A2CÂ,4EÂ,3DÂ,B62Â,3Â,0Â,4Â,T1TÂ,F32Â,T2TÂ,E9CÂ,T3Â,1018Â,T4TÂ,FAAÂ,4EÂ,40
109,$WÂ,NÂ,63Â,R.IÂ,1EC694AEÂ,4EÂ,3DÂ,B62Â,4Â,0Â,4Â,T1TÂ,F32Â,T2TÂ,E9CÂ,T3Â,100EÂ,T4TÂ,FA0Â,4EÂ,40
110,$WÂ,NÂ,64Â,R.IÂ,1ECFBC1EÂ,4FÂ,3DÂ,B62Â,5Â,0Â,4Â,T1TÂ,F32Â,T2TÂ,E9CÂ,T3Â,100EÂ,T4TÂ,FA0Â,4FÂ,40
111,$WÂ,NÂ,65Â,R.IÂ,1ED8FDD8Â,4FÂ,3CÂ,B62Â,3Â,0Â,4Â,T1TÂ,F32Â,T2TÂ,E9CÂ,T3Â,1004Â,T4TÂ,F96Â,4FÂ,40
112,$WÂ,NÂ,66Â,R.IÂ,1EE20A9AÂ,4FÂ,3DÂ,B62Â,3Â,0Â,4Â,T1TÂ,F32Â,T2TÂ,E9CÂ,T3Â,100EÂ,T4TÂ,F96Â,4FÂ,40
113,$WÂ,NÂ,67Â,R.IÂ,1EEB4BF0Â,4FÂ,3CÂ,B62Â,5Â,0Â,4Â,T1TÂ,F3CÂ,T2TÂ,E9CÂ,T3Â,1004Â,T4TÂ,F8CÂ,4FÂ,40
114,$WÂ,NÂ,68Â,R.IÂ,1EF466A4Â,4FÂ,3CÂ,B62Â,3Â,0Â,4Â,T1TÂ,F3CÂ,T2TÂ,E9CÂ,T3Â,1004Â,T4TÂ,F8CÂ,4FÂ,40
115,$WÂ,NÂ,69Â,R.IÂ,1EFD91B6Â,4FÂ,3DÂ,B62Â,3Â,0Â,4Â,T1TÂ,F3CÂ,T2TÂ,E9CÂ,T3Â,1004Â,T4TÂ,F8CÂ,4FÂ,40
116,$WÂ,NÂ,6AÂ,R.IÂ,1F06A918Â,4FÂ,3DÂ,B62Â,4Â,10Â,4Â,T1TÂ,F32Â,T2TÂ,E9CÂ,T3Â,100EÂ,T4TÂ,F82Â,4FÂ,40
117,$WÂ,NÂ,6BÂ,R.IÂ,1F0FCFFCÂ,4FÂ,3CÂ,B62Â,3Â,0Â,4Â,T1TÂ,F32Â,T2TÂ,EA6Â,T3Â,1018Â,T4TÂ,F82Â,4FÂ,40
118,$WÂ,NÂ,6CÂ,R.IÂ,1F18F802Â,4FÂ,3CÂ,B62Â,2Â,0Â,4Â,T1TÂ,F32Â,T2TÂ,EA6Â,T3Â,1018Â,T4TÂ,F78Â,4FÂ,40
119,$WÂ,NÂ,6DÂ,R.IÂ,1F221F7CÂ,4FÂ,3CÂ,B62Â,3Â,0Â,4Â,T1TÂ,F32Â,T2TÂ,E9CÂ,T3Â,100EÂ,T4TÂ,F6EÂ,4FÂ,40
120,$WÂ,NÂ,6EÂ,R.IÂ,1F2B87D8Â,4FÂ,3CÂ,B62Â,3Â,0Â,4Â,T1TÂ,F28Â,T2TÂ,E92Â,T3Â,100EÂ,T4TÂ,F6EÂ,4FÂ,40
121,$WÂ,NÂ,6FÂ,R.IÂ,1F347802Â,4FÂ,3CÂ,B62Â,4Â,0Â,4Â,T1TÂ,F28Â,T2TÂ,E7EÂ,T3Â,100EÂ,T4TÂ,F64Â,4FÂ,40
122,$WÂ,NÂ,70Â,R.IÂ,1F3DA364Â,4FÂ,3DÂ,B62Â,2Â,0Â,4Â,T1TÂ,F14Â,T2TÂ,E7EÂ,T3Â,1004Â,T4TÂ,F5AÂ,4FÂ,40
123,$WÂ,NÂ,71Â,R.IÂ,1F46BFF8Â,4FÂ,3DÂ,B62Â,3Â,0Â,4Â,T1TÂ,F0AÂ,T2TÂ,E6AÂ,T3Â,1004Â,T4TÂ,F50Â,4FÂ,40
124,$WÂ,NÂ,72Â,R.IÂ,1F4FEA42Â,4FÂ,3DÂ,B62Â,4Â,0Â,4Â,T1TÂ,F00Â,T2TÂ,E60Â,T3Â,1004Â,T4TÂ,F50Â,4FÂ,40
125,$WÂ,NÂ,73Â,R.IÂ,1F591004Â,4FÂ,3DÂ,B62Â,4Â,F0Â,4Â,T1TÂ,F00Â,T2TÂ,E60Â,T3Â,FF0Â,T4TÂ,F50Â,4FÂ,40
126,$WÂ,NÂ,74Â,R.IÂ,1F62381EÂ,4FÂ,3CÂ,B62Â,4Â,0Â,4Â,T1TÂ,F00Â,T2TÂ,E60Â,T3Â,FE6Â,T4TÂ,F5AÂ,4FÂ,40
127,$WÂ,NÂ,75Â,R.IÂ,1F6B5ED0Â,4FÂ,3CÂ,B62Â,3Â,0Â,4Â,T1TÂ,EF6Â,T2TÂ,E60Â,T3Â,FDCÂ,T4TÂ,F5AÂ,4FÂ,40
128,$WÂ,NÂ,76Â,R.IÂ,1F748708Â,4FÂ,3CÂ,B62Â,1Â,F0Â,4Â,T1TÂ,EF6Â,T2TÂ,E60Â,T3Â,FD2Â,T4TÂ,F5AÂ,4FÂ,40
129,$WÂ,NÂ,77Â,R.IÂ,1F7DBD64Â,4FÂ,3CÂ,B62Â,0Â,F0Â,4Â,T1TÂ,EECÂ,T2TÂ,E60Â,T3Â,FD2Â,T4TÂ,F64Â,4FÂ,40
130,$WÂ,NÂ,78Â,R.IÂ,1F86E8DAÂ,4FÂ,3DÂ,B62Â,1Â,F0Â,4Â,T1TÂ,EF6Â,T2TÂ,E6AÂ,T3Â,FD2Â,T4TÂ,F64Â,4FÂ,40
131,$WÂ,NÂ,79Â,R.IÂ,1F9007E4Â,4FÂ,3DÂ,B62Â,2Â,E0Â,4Â,T1TÂ,EF6Â,T2TÂ,E74Â,T3Â,FC8Â,T4TÂ,F6EÂ,4FÂ,40
132,$WÂ,NÂ,7AÂ,R.IÂ,1F9925AEÂ,4FÂ,3CÂ,B62Â,2Â,0Â,4Â,T1TÂ,EF6Â,T2TÂ,E74Â,T3Â,FD2Â,T4TÂ,F78Â,4FÂ,40
133,$WÂ,NÂ,7BÂ,R.IÂ,1FA24D64Â,4FÂ,3CÂ,B62Â,3Â,0Â,4Â,T1TÂ,F00Â,T2TÂ,E7EÂ,T3Â,FC8Â,T4TÂ,F78Â,4FÂ,40
134,$WÂ,NÂ,7CÂ,R.IÂ,1FAB7EA2Â,4FÂ,3CÂ,B62Â,4Â,0Â,4Â,T1TÂ,F00Â,T2TÂ,E88Â,T3Â,FD2Â,T4TÂ,F82Â,4FÂ,40
135,$WÂ,NÂ,7DÂ,R.IÂ,1FB4A55EÂ,4FÂ,3CÂ,B62Â,4Â,0Â,4Â,T1TÂ,F0AÂ,T2TÂ,E88Â,T3Â,FD2Â,T4TÂ,F8CÂ,4FÂ,40
136,$WÂ,NÂ,7EÂ,R.IÂ,1FBDD2F0Â,4FÂ,3BÂ,B62Â,4Â,0Â,4Â,T1TÂ,F14Â,T2TÂ,E92Â,T3Â,FD2Â,T4TÂ,F96Â,4FÂ,40
137,$WÂ,NÂ,7FÂ,R.IÂ,1FC6EFA2Â,4FÂ,3CÂ,B62Â,2Â,10Â,4Â,T1TÂ,F14Â,T2TÂ,EB0Â,T3Â,FDCÂ,T4TÂ,FA0Â,4FÂ,40
138,$WÂ,NÂ,80Â,R.IÂ,1FD02284Â,4FÂ,3CÂ,B62Â,4Â,0Â,4Â,T1TÂ,F28Â,T2TÂ,EBAÂ,T3Â,FDCÂ,T4TÂ,FA0Â,4FÂ,40
139,$WÂ,NÂ,81Â,R.IÂ,1FD94B20Â,4FÂ,3CÂ,B62Â,4Â,10Â,4Â,T1TÂ,F32Â,T2TÂ,ECEÂ,T3Â,FFAÂ,T4TÂ,FBEÂ,4FÂ,40
140,$WÂ,NÂ,82Â,R.IÂ,1FE26502Â,50Â,3CÂ,B62Â,4Â,0Â,4Â,T1TÂ,F3CÂ,T2TÂ,ED8Â,T3Â,FFAÂ,T4TÂ,FC8Â,50Â,41
141,$WÂ,NÂ,83Â,R.IÂ,1FEB8BC8Â,50Â,3CÂ,B62Â,6Â,0Â,4Â,T1TÂ,F3CÂ,T2TÂ,EF6Â,T3Â,FFAÂ,T4TÂ,FC8Â,50Â,41
142,$WÂ,NÂ,84Â,R.IÂ,1FF51DC8Â,50Â,3CÂ,B62Â,7Â,0Â,4Â,T1TÂ,F3CÂ,T2TÂ,EECÂ,T3Â,1004Â,T4TÂ,FC8Â,50Â,41
143,$WÂ,NÂ,85Â,R.IÂ,1FFDF8D0Â,50Â,3CÂ,B62Â,8Â,0Â,4Â,T1TÂ,F3CÂ,T2TÂ,EF6Â,T3Â,1018Â,T4TÂ,FC8Â,50Â,41
144,$WÂ,NÂ,86Â,R.IÂ,20072112Â,50Â,3CÂ,B62Â,6Â,0Â,4Â,T1TÂ,F5AÂ,T2TÂ,F1EÂ,T3Â,1036Â,T4TÂ,FFAÂ,50Â,41
145,$WÂ,NÂ,87Â,R.IÂ,201033C4Â,50Â,3DÂ,B62Â,5Â,0Â,4Â,T1TÂ,F8CÂ,T2TÂ,F8CÂ,T3Â,105EÂ,T4TÂ,1018Â,50Â,41
146,$WÂ,NÂ,88Â,R.IÂ,20195B34Â,50Â,3CÂ,B62Â,3Â,0Â,4Â,T1TÂ,F8CÂ,T2TÂ,FB4Â,T3Â,1086Â,T4TÂ,1018Â,50Â,41
147,$WÂ,NÂ,89Â,R.IÂ,2022BF30Â,50Â,3CÂ,B62Â,2Â,0Â,4Â,T1TÂ,FBEÂ,T2TÂ,FE6Â,T3Â,10A4Â,T4TÂ,104AÂ,52Â,41
148,$WÂ,NÂ,8AÂ,R.IÂ,202BA12CÂ,50Â,3CÂ,B62Â,3Â,0Â,4Â,T1TÂ,FDCÂ,T2TÂ,1004Â,T3Â,10E0Â,T4TÂ,1072Â,52Â,41
149,$WÂ,NÂ,8BÂ,R.IÂ,2034C982Â,50Â,3CÂ,B62Â,4Â,0Â,4Â,T1TÂ,FF0Â,T2TÂ,1022Â,T3Â,10FEÂ,T4TÂ,1086Â,52Â,41
150,$WÂ,NÂ,8CÂ,R.IÂ,203DF1A6Â,50Â,3BÂ,B62Â,3Â,0Â,4Â,T1TÂ,100EÂ,T2TÂ,104AÂ,T3Â,111CÂ,T4TÂ,109AÂ,52Â,41
151,$WÂ,NÂ,8DÂ,R.IÂ,20472794Â,50Â,3CÂ,B62Â,4Â,0Â,4Â,T1TÂ,1018Â,T2TÂ,104AÂ,T3Â,111CÂ,T4TÂ,10AEÂ,52Â,41
152,$WÂ,NÂ,8EÂ,R.IÂ,20504018Â,50Â,3BÂ,B62Â,4Â,0Â,4Â,T1TÂ,1018Â,T2TÂ,104AÂ,T3Â,116CÂ,T4TÂ,10C2Â,52Â,41
153,$WÂ,NÂ,8FÂ,R.IÂ,20597660Â,50Â,3BÂ,B62Â,2Â,0Â,4Â,T1TÂ,1018Â,T2TÂ,1054Â,T3Â,118AÂ,T4TÂ,10F4Â,52Â,41
154,$WÂ,NÂ,90Â,R.IÂ,2062DFA2Â,50Â,3BÂ,B62Â,2Â,0Â,4Â,T1TÂ,1018Â,T2TÂ,1054Â,T3Â,11A8Â,T4TÂ,1108Â,52Â,41
155,$WÂ,NÂ,91Â,R.IÂ,206BCD6AÂ,50Â,3AÂ,B62Â,2Â,0Â,4Â,T1TÂ,1004Â,T2TÂ,1036Â,T3Â,11B2Â,T4TÂ,10FEÂ,52Â,41
156,$WÂ,NÂ,92Â,R.IÂ,2074E058Â,50Â,3AÂ,B62Â,2Â,0Â,4Â,T1TÂ,FF0Â,T2TÂ,FFAÂ,T3Â,11B2Â,T4TÂ,1108Â,52Â,41
157,$WÂ,NÂ,93Â,R.IÂ,207E07DCÂ,50Â,3AÂ,B62Â,0Â,0Â,4Â,T1TÂ,FF0Â,T2TÂ,FF0Â,T3Â,11BCÂ,T4TÂ,10FEÂ,52Â,41
158,$WÂ,NÂ,94Â,R.IÂ,208740D6Â,50Â,3AÂ,B62Â,1Â,F0Â,4Â,T1TÂ,FF0Â,T2TÂ,100EÂ,T3Â,11B2Â,T4TÂ,10F4Â,52Â,41
159,$WÂ,NÂ,95Â,R.IÂ,20905914Â,50Â,3AÂ,B62Â,4Â,0Â,4Â,T1TÂ,100EÂ,T2TÂ,1040Â,T3Â,11BCÂ,T4TÂ,10F4Â,52Â,41
160,$WÂ,NÂ,96Â,R.IÂ,209989D0Â,50Â,3AÂ,B62Â,4Â,10Â,4Â,T1TÂ,1022Â,T2TÂ,1054Â,T3Â,11D0Â,T4TÂ,111CÂ,52Â,41
161,$WÂ,NÂ,97Â,R.IÂ,20A2B67CÂ,50Â,3BÂ,B62Â,4Â,10Â,4Â,T1TÂ,1040Â,T2TÂ,10A4Â,T3Â,11C6Â,T4TÂ,113AÂ,52Â,41
162,$WÂ,NÂ,98Â,R.IÂ,20ABE1C0Â,50Â,3AÂ,B62Â,6Â,0Â,4Â,T1TÂ,1040Â,T2TÂ,10CCÂ,T3Â,11D0Â,T4TÂ,114EÂ,52Â,41
163,$WÂ,NÂ,99Â,R.IÂ,20B50F34Â,50Â,3BÂ,B62Â,5Â,0Â,4Â,T1TÂ,1072Â,T2TÂ,1108Â,T3Â,11EEÂ,T4TÂ,1162Â,52Â,41
164,$WÂ,NÂ,9AÂ,R.IÂ,20BE1C32Â,50Â,3BÂ,B62Â,4Â,0Â,4Â,T1TÂ,107CÂ,T2TÂ,1126Â,T3Â,11EEÂ,T4TÂ,1176Â,52Â,40
165,$WÂ,NÂ,9BÂ,R.IÂ,20C74E24Â,50Â,3BÂ,B62Â,4Â,0Â,4Â,T1TÂ,1090Â,T2TÂ,114EÂ,T3Â,1220Â,T4TÂ,118AÂ,52Â,41
166,$WÂ,NÂ,9CÂ,R.IÂ,20D0A3CAÂ,50Â,3AÂ,B62Â,3Â,0Â,4Â,T1TÂ,10AEÂ,T2TÂ,1162Â,T3Â,1234Â,T4TÂ,11BCÂ,52Â,40
167,$WÂ,NÂ,9DÂ,R.IÂ,20D99F0CÂ,50Â,3BÂ,B62Â,1Â,F0Â,4Â,T1TÂ,10C2Â,T2TÂ,1180Â,T3Â,123EÂ,T4TÂ,11D0Â,52Â,40
168,$WÂ,NÂ,9EÂ,R.IÂ,20E2C67CÂ,50Â,3BÂ,B62Â,3Â,0Â,4Â,T1TÂ,10CCÂ,T2TÂ,1194Â,T3Â,1252Â,T4TÂ,11DAÂ,52Â,40
169,$WÂ,NÂ,9FÂ,R.IÂ,20EBE982Â,50Â,3AÂ,B62Â,4Â,0Â,4Â,T1TÂ,10E0Â,T2TÂ,11B2Â,T3Â,125CÂ,T4TÂ,11EEÂ,52Â,40
170,$WÂ,NÂ,A0Â,R.IÂ,20F5148AÂ,50Â,3AÂ,B62Â,3Â,0Â,4Â,T1TÂ,10F4Â,T2TÂ,11BCÂ,T3Â,1270Â,T4TÂ,120CÂ,52Â,40
171,$WÂ,NÂ,A1Â,R.IÂ,20FE324AÂ,50Â,3AÂ,B62Â,3Â,0Â,4Â,T1TÂ,10FEÂ,T2TÂ,11D0Â,T3Â,127AÂ,T4TÂ,1220Â,52Â,40
172,$WÂ,NÂ,A2Â,R.IÂ,2107580CÂ,50Â,3AÂ,B62Â,7Â,0Â,4Â,T1TÂ,1112Â,T2TÂ,11F8Â,T3Â,128EÂ,T4TÂ,1220Â,52Â,40
173,$WÂ,NÂ,A3Â,R.IÂ,21107FD6Â,50Â,3AÂ,B62Â,6Â,0Â,4Â,T1TÂ,1126Â,T2TÂ,1202Â,T3Â,128EÂ,T4TÂ,123EÂ,50Â,40
174,$WÂ,NÂ,A4Â,R.IÂ,2119A728Â,50Â,3BÂ,B62Â,3Â,0Â,4Â,T1TÂ,1130Â,T2TÂ,1216Â,T3Â,12A2Â,T4TÂ,1252Â,50Â,40
175,$WÂ,NÂ,A5Â,R.IÂ,2122CECAÂ,50Â,3AÂ,B62Â,4Â,10Â,4Â,T1TÂ,1130Â,T2TÂ,122AÂ,T3Â,12ACÂ,T4TÂ,125CÂ,50Â,40
176,$WÂ,NÂ,A6Â,R.IÂ,212BFF9AÂ,50Â,3AÂ,B62Â,4Â,10Â,4Â,T1TÂ,113AÂ,T2TÂ,1234Â,T3Â,12B6Â,T4TÂ,1266Â,50Â,40
177,$WÂ,NÂ,A7Â,R.IÂ,213531DCÂ,50Â,3AÂ,B62Â,4Â,0Â,4Â,T1TÂ,1144Â,T2TÂ,123EÂ,T3Â,12B6Â,T4TÂ,1266Â,50Â,40
178,$WÂ,NÂ,A8Â,R.IÂ,213E6068Â,50Â,3AÂ,B62Â,4Â,F0Â,4Â,T1TÂ,1144Â,T2TÂ,1248Â,T3Â,12CAÂ,T4TÂ,1270Â,52Â,40
179,$WÂ,NÂ,A9Â,R.IÂ,21476FE6Â,50Â,3AÂ,B62Â,4Â,0Â,4Â,T1TÂ,1158Â,T2TÂ,1252Â,T3Â,12DEÂ,T4TÂ,1266Â,52Â,40
180,$WÂ,NÂ,AAÂ,R.IÂ,2150BC40Â,50Â,3AÂ,B62Â,5Â,0Â,4Â,T1TÂ,116CÂ,T2TÂ,1270Â,T3Â,12E8Â,T4TÂ,125CÂ,52Â,40
181,$WÂ,NÂ,ABÂ,R.IÂ,2159BCD2Â,50Â,3AÂ,B62Â,7Â,0Â,4Â,T1TÂ,1176Â,T2TÂ,1266Â,T3Â,12F2Â,T4TÂ,1252Â,52Â,40
182,$WÂ,NÂ,ACÂ,R.IÂ,2162E852Â,50Â,3AÂ,B62Â,5Â,0Â,4Â,T1TÂ,1158Â,T2TÂ,1248Â,T3Â,12F2Â,T4TÂ,1248Â,52Â,40
183,$WÂ,NÂ,ADÂ,R.IÂ,216C11E8Â,50Â,3AÂ,B62Â,6Â,0Â,4Â,T1TÂ,1158Â,T2TÂ,1220Â,T3Â,12D4Â,T4TÂ,1220Â,52Â,40
184,$WÂ,NÂ,AEÂ,R.IÂ,2175A0E6Â,50Â,3AÂ,B62Â,6Â,0Â,4Â,T1TÂ,1162Â,T2TÂ,1252Â,T3Â,12C0Â,T4TÂ,120CÂ,50Â,40
185,$WÂ,NÂ,AFÂ,R.IÂ,217E6B54Â,50Â,3BÂ,B62Â,5Â,0Â,4Â,T1TÂ,1176Â,T2TÂ,1266Â,T3Â,12A2Â,T4TÂ,120CÂ,50Â,40
186,$WÂ,NÂ,B0Â,R.IÂ,2187A200Â,50Â,3BÂ,B62Â,7Â,0Â,4Â,T1TÂ,118AÂ,T2TÂ,1270Â,T3Â,1298Â,T4TÂ,11EEÂ,50Â,41
187,$WÂ,NÂ,B1Â,R.IÂ,2190ABD4Â,50Â,3BÂ,B62Â,6Â,0Â,4Â,T1TÂ,119EÂ,T2TÂ,128EÂ,T3Â,127AÂ,T4TÂ,11C6Â,52Â,40
188,$WÂ,NÂ,B2Â,R.IÂ,2199D312Â,50Â,3BÂ,B62Â,3Â,0Â,4Â,T1TÂ,11A8Â,T2TÂ,1298Â,T3Â,1298Â,T4TÂ,11B2Â,52Â,40
189,$WÂ,NÂ,B3Â,R.IÂ,21A30478Â,50Â,3AÂ,B62Â,5Â,10Â,4Â,T1TÂ,11A8Â,T2TÂ,12B6Â,T3Â,12B6Â,T4TÂ,119EÂ,52Â,40
190,$WÂ,NÂ,B4Â,R.IÂ,21AC41E6Â,50Â,3BÂ,B62Â,4Â,0Â,4Â,T1TÂ,119EÂ,T2TÂ,12C0Â,T3Â,12B6Â,T4TÂ,118AÂ,52Â,40
191,$WÂ,NÂ,B5Â,R.IÂ,21B554D4Â,50Â,3AÂ,B62Â,4Â,0Â,4Â,T1TÂ,1176Â,T2TÂ,12B6Â,T3Â,12DEÂ,T4TÂ,1180Â,52Â,40
192,$WÂ,NÂ,B6Â,R.IÂ,21BE9116Â,50Â,3BÂ,B62Â,4Â,0Â,4Â,T1TÂ,114EÂ,T2TÂ,127AÂ,T3Â,12F2Â,T4TÂ,116CÂ,52Â,40
193,$WÂ,NÂ,B7Â,R.IÂ,21C7AD1EÂ,50Â,3BÂ,B62Â,4Â,10Â,4Â,T1TÂ,1158Â,T2TÂ,1252Â,T3Â,1306Â,T4TÂ,116CÂ,52Â,41
194,$WÂ,NÂ,B8Â,R.IÂ,21D0CFD4Â,50Â,3BÂ,B62Â,6Â,10Â,4Â,T1TÂ,1158Â,T2TÂ,1216Â,T3Â,1310Â,T4TÂ,116CÂ,52Â,41
195,$WÂ,NÂ,B9Â,R.IÂ,21D9EE16Â,50Â,3BÂ,B62Â,5Â,10Â,4Â,T1TÂ,1162Â,T2TÂ,1220Â,T3Â,12FCÂ,T4TÂ,116CÂ,52Â,41
196,$WÂ,NÂ,BAÂ,R.IÂ,21E31C3EÂ,50Â,3BÂ,B63Â,5Â,10Â,4Â,T1TÂ,1180Â,T2TÂ,1234Â,T3Â,12DEÂ,T4TÂ,1162Â,52Â,41
197,$WÂ,NÂ,BBÂ,R.IÂ,21EC5F42Â,51Â,3BÂ,B63Â,3Â,10Â,4Â,T1TÂ,119EÂ,T2TÂ,1252Â,T3Â,1298Â,T4TÂ,1162Â,53Â,41
198,$WÂ,NÂ,BCÂ,R.IÂ,21F5723AÂ,51Â,3AÂ,B63Â,8Â,0Â,4Â,T1TÂ,11B2Â,T2TÂ,1252Â,T3Â,1284Â,T4TÂ,1162Â,53Â,41
199,$WÂ,NÂ,BDÂ,R.IÂ,21FE9D9CÂ,51Â,3AÂ,B63Â,9Â,0Â,4Â,T1TÂ,11BCÂ,T2TÂ,1252Â,T3Â,1284Â,T4TÂ,119EÂ,53Â,41
200,$WÂ,NÂ,BEÂ,R.IÂ,2207BE22Â,51Â,39Â,B63Â,9Â,0Â,4Â,T1TÂ,11C6Â,T2TÂ,1252Â,T3Â,127AÂ,T4TÂ,11B2Â,53Â,41
201,$WÂ,NÂ,BFÂ,R.IÂ,2210DC96Â,51Â,39Â,B63Â,8Â,0Â,4Â,T1TÂ,11D0Â,T2TÂ,1234Â,T3Â,127AÂ,T4TÂ,11DAÂ,53Â,41
202,$WÂ,NÂ,C0Â,R.IÂ,221A10AEÂ,51Â,3AÂ,B63Â,6Â,0Â,4Â,T1TÂ,11D0Â,T2TÂ,1216Â,T3Â,1270Â,T4TÂ,11E4Â,53Â,41
203,$WÂ,NÂ,C1Â,R.IÂ,22232928Â,51Â,39Â,B63Â,6Â,0Â,4Â,T1TÂ,11DAÂ,T2TÂ,120CÂ,T3Â,1270Â,T4TÂ,11EEÂ,53Â,41
204,$WÂ,NÂ,C2Â,R.IÂ,222C5052Â,51Â,38Â,B63Â,7Â,0Â,4Â,T1TÂ,11EEÂ,T2TÂ,1216Â,T3Â,125CÂ,T4TÂ,1202Â,53Â,40
205,$WÂ,NÂ,C3Â,R.IÂ,2235788AÂ,51Â,39Â,B63Â,6Â,0Â,4Â,T1TÂ,11EEÂ,T2TÂ,1216Â,T3Â,125CÂ,T4TÂ,1216Â,53Â,41
206,$WÂ,NÂ,C4Â,R.IÂ,223EA234Â,51Â,39Â,B63Â,4Â,0Â,4Â,T1TÂ,11F8Â,T2TÂ,1248Â,T3Â,125CÂ,T4TÂ,1216Â,53Â,41
